ts,price,action,charge_mwh_from_grid,discharge_mwh_to_grid,soc_mwh,cashflow_eur,cum_pnl_eur
2025-04-30 20:00:00,93.76,discharge,0.0,0.0,0.0,0.0,0.0
2025-04-30 21:00:00,85.87,discharge,0.0,0.0,0.0,0.0,0.0
2025-04-30 22:00:00,79.42,charge,5.0,0.0,4.743416490252569,-397.1,-397.1
2025-04-30 23:00:00,74.87,charge,5.0,0.0,9.486832980505138,-374.35,-771.45
2025-05-01 00:00:00,69.87,idle,0.0,0.0,9.486832980505138,0.0,-771.45
2025-05-01 01:00:00,66.09,idle,0.0,0.0,9.486832980505138,0.0,-771.45
2025-05-01 02:00:00,63.78,idle,0.0,0.0,9.486832980505138,0.0,-771.45
2025-05-01 03:00:00,59.02,idle,0.0,0.0,9.486832980505138,0.0,-771.45
2025-05-01 04:00:00,45.19,idle,0.0,0.0,9.486832980505138,0.0,-771.45
2025-05-01 05:00:00,13.73,idle,0.0,0.0,9.486832980505138,0.0,-771.45
2025-05-01 06:00:00,1.1,idle,0.0,0.0,9.486832980505138,0.0,-771.45
2025-05-01 07:00:00,-2.99,idle,0.0,0.0,9.486832980505138,0.0,-771.45
2025-05-01 08:00:00,-3.5,idle,0.0,0.0,9.486832980505138,0.0,-771.45
2025-05-01 09:00:00,-3.98,charge,0.5409255338945976,0.0,10.0,2.1528836249004986,-769.2971163750996
2025-05-01 10:00:00,-6.28,charge,0.0,0.0,10.0,0.0,-769.2971163750996
2025-05-01 11:00:00,-1.99,idle,0.0,0.0,10.0,0.0,-769.2971163750996
2025-05-01 12:00:00,2.19,idle,0.0,0.0,10.0,0.0,-769.2971163750996
2025-05-01 13:00:00,32.81,idle,0.0,0.0,10.0,0.0,-769.2971163750996
2025-05-01 14:00:00,58.54,idle,0.0,0.0,10.0,0.0,-769.2971163750996
2025-05-01 15:00:00,63.07,idle,0.0,0.0,10.0,0.0,-769.2971163750996
2025-05-01 16:00:00,66.08,idle,0.0,0.0,10.0,0.0,-769.2971163750996
2025-05-01 17:00:00,88.74,discharge,0.0,5.0,4.729537233052701,443.7,-325.5971163750996
2025-05-01 18:00:00,93.77,discharge,0.0,4.486832980505138,0.0,420.7303285819668,95.1332122068672
2025-05-01 19:00:00,63.87,idle,0.0,0.0,0.0,0.0,95.1332122068672
2025-05-01 20:00:00,61.09,idle,0.0,0.0,0.0,0.0,95.1332122068672
2025-05-01 21:00:00,56.87,idle,0.0,0.0,0.0,0.0,95.1332122068672
2025-05-01 22:00:00,53.6,idle,0.0,0.0,0.0,0.0,95.1332122068672
2025-05-01 23:00:00,52.68,idle,0.0,0.0,0.0,0.0,95.1332122068672
2025-05-02 00:00:00,51.72,idle,0.0,0.0,0.0,0.0,95.1332122068672
2025-05-02 01:00:00,53.21,idle,0.0,0.0,0.0,0.0,95.1332122068672
2025-05-02 02:00:00,58.64,idle,0.0,0.0,0.0,0.0,95.1332122068672
2025-05-02 03:00:00,58.51,idle,0.0,0.0,0.0,0.0,95.1332122068672
2025-05-02 04:00:00,50.85,idle,0.0,0.0,0.0,0.0,95.1332122068672
2025-05-02 05:00:00,49.58,idle,0.0,0.0,0.0,0.0,95.1332122068672
2025-05-02 06:00:00,1.01,idle,0.0,0.0,0.0,0.0,95.1332122068672
2025-05-02 07:00:00,0.01,idle,0.0,0.0,0.0,0.0,95.1332122068672
2025-05-02 08:00:00,-0.81,idle,0.0,0.0,0.0,0.0,95.1332122068672
2025-05-02 09:00:00,-2.9,charge,5.0,0.0,4.743416490252569,14.5,109.6332122068672
2025-05-02 10:00:00,-2.74,charge,5.0,0.0,9.486832980505138,13.700000000000001,123.3332122068672
2025-05-02 11:00:00,-0.4,idle,0.0,0.0,9.486832980505138,0.0,123.3332122068672
2025-05-02 12:00:00,0.5,idle,0.0,0.0,9.486832980505138,0.0,123.3332122068672
2025-05-02 13:00:00,8.15,idle,0.0,0.0,9.486832980505138,0.0,123.3332122068672
2025-05-02 14:00:00,56.02,idle,0.0,0.0,9.486832980505138,0.0,123.3332122068672
2025-05-02 15:00:00,60.27,idle,0.0,0.0,9.486832980505138,0.0,123.3332122068672
2025-05-02 16:00:00,66.47,discharge,0.0,5.0,4.216370213557839,332.35,455.6832122068672
2025-05-02 17:00:00,66.02,discharge,0.0,4.0,0.0,264.08,719.7632122068671
2025-05-02 18:00:00,61.25,idle,0.0,0.0,0.0,0.0,719.7632122068671
2025-05-02 19:00:00,59.47,idle,0.0,0.0,0.0,0.0,719.7632122068671
2025-05-02 20:00:00,57.33,idle,0.0,0.0,0.0,0.0,719.7632122068671
2025-05-02 21:00:00,60.99,idle,0.0,0.0,0.0,0.0,719.7632122068671
2025-05-02 22:00:00,60.57,idle,0.0,0.0,0.0,0.0,719.7632122068671
2025-05-02 23:00:00,60.57,idle,0.0,0.0,0.0,0.0,719.7632122068671
2025-05-03 00:00:00,61.93,idle,0.0,0.0,0.0,0.0,719.7632122068671
2025-05-03 01:00:00,61.75,idle,0.0,0.0,0.0,0.0,719.7632122068671
2025-05-03 02:00:00,61.44,idle,0.0,0.0,0.0,0.0,719.7632122068671
2025-05-03 03:00:00,60.64,idle,0.0,0.0,0.0,0.0,719.7632122068671
2025-05-03 04:00:00,58.94,idle,0.0,0.0,0.0,0.0,719.7632122068671
2025-05-03 05:00:00,13.54,idle,0.0,0.0,0.0,0.0,719.7632122068671
2025-05-03 06:00:00,0.02,idle,0.0,0.0,0.0,0.0,719.7632122068671
2025-05-03 07:00:00,-0.17,idle,0.0,0.0,0.0,0.0,719.7632122068671
2025-05-03 08:00:00,-1.11,idle,0.0,0.0,0.0,0.0,719.7632122068671
2025-05-03 09:00:00,-2.93,charge,5.0,0.0,4.743416490252569,14.65,734.4132122068671
2025-05-03 10:00:00,-2.72,charge,5.0,0.0,9.486832980505138,13.600000000000001,748.0132122068671
2025-05-03 11:00:00,-0.03,idle,0.0,0.0,9.486832980505138,0.0,748.0132122068671
2025-05-03 12:00:00,0.93,idle,0.0,0.0,9.486832980505138,0.0,748.0132122068671
2025-05-03 13:00:00,34.49,idle,0.0,0.0,9.486832980505138,0.0,748.0132122068671
2025-05-03 14:00:00,59.73,idle,0.0,0.0,9.486832980505138,0.0,748.0132122068671
2025-05-03 15:00:00,74.93,idle,0.0,0.0,9.486832980505138,0.0,748.0132122068671
2025-05-03 16:00:00,84.31,discharge,0.0,5.0,4.216370213557839,421.55,1169.563212206867
2025-05-03 17:00:00,76.06,discharge,0.0,4.0,0.0,304.24,1473.803212206867
2025-05-03 18:00:00,67.47,idle,0.0,0.0,0.0,0.0,1473.803212206867
2025-05-03 19:00:00,63.82,idle,0.0,0.0,0.0,0.0,1473.803212206867
2025-05-03 20:00:00,60.14,idle,0.0,0.0,0.0,0.0,1473.803212206867
2025-05-03 21:00:00,45.15,idle,0.0,0.0,0.0,0.0,1473.803212206867
2025-05-03 22:00:00,31.51,idle,0.0,0.0,0.0,0.0,1473.803212206867
2025-05-03 23:00:00,20.43,idle,0.0,0.0,0.0,0.0,1473.803212206867
2025-05-04 00:00:00,20.05,idle,0.0,0.0,0.0,0.0,1473.803212206867
2025-05-04 01:00:00,15.61,idle,0.0,0.0,0.0,0.0,1473.803212206867
2025-05-04 02:00:00,13.65,idle,0.0,0.0,0.0,0.0,1473.803212206867
2025-05-04 03:00:00,7.83,idle,0.0,0.0,0.0,0.0,1473.803212206867
2025-05-04 04:00:00,2.92,idle,0.0,0.0,0.0,0.0,1473.803212206867
2025-05-04 05:00:00,0.01,idle,0.0,0.0,0.0,0.0,1473.803212206867
2025-05-04 06:00:00,-0.01,idle,0.0,0.0,0.0,0.0,1473.803212206867
2025-05-04 07:00:00,-0.02,idle,0.0,0.0,0.0,0.0,1473.803212206867
2025-05-04 08:00:00,-0.02,idle,0.0,0.0,0.0,0.0,1473.803212206867
2025-05-04 09:00:00,-1.98,charge,5.0,0.0,4.743416490252569,9.9,1483.7032122068672
2025-05-04 10:00:00,-4.78,charge,5.0,0.0,9.486832980505138,23.900000000000002,1507.6032122068673
2025-05-04 11:00:00,-1.51,idle,0.0,0.0,9.486832980505138,0.0,1507.6032122068673
2025-05-04 12:00:00,0.03,idle,0.0,0.0,9.486832980505138,0.0,1507.6032122068673
2025-05-04 13:00:00,12.06,idle,0.0,0.0,9.486832980505138,0.0,1507.6032122068673
2025-05-04 14:00:00,61.13,idle,0.0,0.0,9.486832980505138,0.0,1507.6032122068673
2025-05-04 15:00:00,65.31,idle,0.0,0.0,9.486832980505138,0.0,1507.6032122068673
2025-05-04 16:00:00,73.9,idle,0.0,0.0,9.486832980505138,0.0,1507.6032122068673
2025-05-04 17:00:00,95.72,discharge,0.0,5.0,4.216370213557839,478.6,1986.2032122068672
2025-05-04 18:00:00,92.94,discharge,0.0,4.0,0.0,371.76,2357.963212206867
2025-05-04 19:00:00,73.27,idle,0.0,0.0,0.0,0.0,2357.963212206867
2025-05-04 20:00:00,66.84,idle,0.0,0.0,0.0,0.0,2357.963212206867
2025-05-04 21:00:00,45.11,idle,0.0,0.0,0.0,0.0,2357.963212206867
2025-05-04 22:00:00,42.83,idle,0.0,0.0,0.0,0.0,2357.963212206867
2025-05-04 23:00:00,73.01,idle,0.0,0.0,0.0,0.0,2357.963212206867
2025-05-05 00:00:00,64.93,idle,0.0,0.0,0.0,0.0,2357.963212206867
2025-05-05 01:00:00,85.53,idle,0.0,0.0,0.0,0.0,2357.963212206867
2025-05-05 02:00:00,107.63,discharge,0.0,0.0,0.0,0.0,2357.963212206867
2025-05-05 03:00:00,119.64,discharge,0.0,0.0,0.0,0.0,2357.963212206867
2025-05-05 04:00:00,94.62,idle,0.0,0.0,0.0,0.0,2357.963212206867
2025-05-05 05:00:00,57.88,idle,0.0,0.0,0.0,0.0,2357.963212206867
2025-05-05 06:00:00,46.91,idle,0.0,0.0,0.0,0.0,2357.963212206867
2025-05-05 07:00:00,42.12,idle,0.0,0.0,0.0,0.0,2357.963212206867
2025-05-05 08:00:00,37.78,charge,5.0,0.0,4.743416490252569,-188.9,2169.063212206867
2025-05-05 09:00:00,38.08,charge,5.0,0.0,9.486832980505138,-190.39999999999998,1978.6632122068668
2025-05-05 10:00:00,39.08,idle,0.0,0.0,9.486832980505138,0.0,1978.6632122068668
2025-05-05 11:00:00,41.23,idle,0.0,0.0,9.486832980505138,0.0,1978.6632122068668
2025-05-05 12:00:00,43.13,idle,0.0,0.0,9.486832980505138,0.0,1978.6632122068668
2025-05-05 13:00:00,44.62,idle,0.0,0.0,9.486832980505138,0.0,1978.6632122068668
2025-05-05 14:00:00,60.11,idle,0.0,0.0,9.486832980505138,0.0,1978.6632122068668
2025-05-05 15:00:00,79.93,idle,0.0,0.0,9.486832980505138,0.0,1978.6632122068668
2025-05-05 16:00:00,84.66,idle,0.0,0.0,9.486832980505138,0.0,1978.6632122068668
2025-05-05 17:00:00,75.57,idle,0.0,0.0,9.486832980505138,0.0,1978.6632122068668
2025-05-05 18:00:00,49.35,idle,0.0,0.0,9.486832980505138,0.0,1978.6632122068668
2025-05-05 19:00:00,44.41,idle,0.0,0.0,9.486832980505138,0.0,1978.6632122068668
2025-05-05 20:00:00,49.36,idle,0.0,0.0,9.486832980505138,0.0,1978.6632122068668
2025-05-05 21:00:00,50.26,idle,0.0,0.0,9.486832980505138,0.0,1978.6632122068668
2025-05-05 22:00:00,49.9,idle,0.0,0.0,9.486832980505138,0.0,1978.6632122068668
2025-05-05 23:00:00,49.54,idle,0.0,0.0,9.486832980505138,0.0,1978.6632122068668
2025-05-06 00:00:00,51.56,idle,0.0,0.0,9.486832980505138,0.0,1978.6632122068668
2025-05-06 01:00:00,55.5,idle,0.0,0.0,9.486832980505138,0.0,1978.6632122068668
2025-05-06 02:00:00,85.2,idle,0.0,0.0,9.486832980505138,0.0,1978.6632122068668
2025-05-06 03:00:00,103.61,idle,0.0,0.0,9.486832980505138,0.0,1978.6632122068668
2025-05-06 04:00:00,85.79,idle,0.0,0.0,9.486832980505138,0.0,1978.6632122068668
2025-05-06 05:00:00,68.31,idle,0.0,0.0,9.486832980505138,0.0,1978.6632122068668
2025-05-06 06:00:00,53.43,idle,0.0,0.0,9.486832980505138,0.0,1978.6632122068668
2025-05-06 07:00:00,46.45,idle,0.0,0.0,9.486832980505138,0.0,1978.6632122068668
2025-05-06 08:00:00,40.26,charge,0.5409255338945976,0.0,10.0,-21.7776619945965,1956.8855502122703
2025-05-06 09:00:00,35.82,charge,0.0,0.0,10.0,0.0,1956.8855502122703
2025-05-06 10:00:00,42.67,idle,0.0,0.0,10.0,0.0,1956.8855502122703
2025-05-06 11:00:00,46.93,idle,0.0,0.0,10.0,0.0,1956.8855502122703
2025-05-06 12:00:00,54.46,idle,0.0,0.0,10.0,0.0,1956.8855502122703
2025-05-06 13:00:00,87.91,idle,0.0,0.0,10.0,0.0,1956.8855502122703
2025-05-06 14:00:00,104.33,idle,0.0,0.0,10.0,0.0,1956.8855502122703
2025-05-06 15:00:00,130.82,idle,0.0,0.0,10.0,0.0,1956.8855502122703
2025-05-06 16:00:00,157.16,discharge,0.0,5.0,4.729537233052701,785.8,2742.6855502122703
2025-05-06 17:00:00,133.29,discharge,0.0,4.486832980505138,0.0,598.0499679715298,3340.7355181838
2025-05-06 18:00:00,116.51,idle,0.0,0.0,0.0,0.0,3340.7355181838
2025-05-06 19:00:00,100.89,idle,0.0,0.0,0.0,0.0,3340.7355181838
2025-05-06 20:00:00,90.32,idle,0.0,0.0,0.0,0.0,3340.7355181838
2025-05-06 21:00:00,84.73,idle,0.0,0.0,0.0,0.0,3340.7355181838
2025-05-06 22:00:00,83.35,idle,0.0,0.0,0.0,0.0,3340.7355181838
2025-05-06 23:00:00,86.24,idle,0.0,0.0,0.0,0.0,3340.7355181838
2025-05-07 00:00:00,92.72,idle,0.0,0.0,0.0,0.0,3340.7355181838
2025-05-07 01:00:00,105.96,idle,0.0,0.0,0.0,0.0,3340.7355181838
2025-05-07 02:00:00,128.53,idle,0.0,0.0,0.0,0.0,3340.7355181838
2025-05-07 03:00:00,143.95,discharge,0.0,0.0,0.0,0.0,3340.7355181838
2025-05-07 04:00:00,123.37,idle,0.0,0.0,0.0,0.0,3340.7355181838
2025-05-07 05:00:00,94.03,idle,0.0,0.0,0.0,0.0,3340.7355181838
2025-05-07 06:00:00,76.57,idle,0.0,0.0,0.0,0.0,3340.7355181838
2025-05-07 07:00:00,71.28,idle,0.0,0.0,0.0,0.0,3340.7355181838
2025-05-07 08:00:00,62.63,charge,5.0,0.0,4.743416490252569,-313.15000000000003,3027.5855181838
2025-05-07 09:00:00,61.75,charge,5.0,0.0,9.486832980505138,-308.75,2718.8355181838
2025-05-07 10:00:00,66.08,idle,0.0,0.0,9.486832980505138,0.0,2718.8355181838
2025-05-07 11:00:00,70.1,idle,0.0,0.0,9.486832980505138,0.0,2718.8355181838
2025-05-07 12:00:00,79.63,idle,0.0,0.0,9.486832980505138,0.0,2718.8355181838
2025-05-07 13:00:00,93.94,idle,0.0,0.0,9.486832980505138,0.0,2718.8355181838
2025-05-07 14:00:00,108.96,idle,0.0,0.0,9.486832980505138,0.0,2718.8355181838
2025-05-07 15:00:00,129.36,idle,0.0,0.0,9.486832980505138,0.0,2718.8355181838
2025-05-07 16:00:00,149.02,discharge,0.0,5.0,4.216370213557839,745.1,3463.9355181838
2025-05-07 17:00:00,124.78,idle,0.0,0.0,4.216370213557839,0.0,3463.9355181838
2025-05-07 18:00:00,105.93,idle,0.0,0.0,4.216370213557839,0.0,3463.9355181838
2025-05-07 19:00:00,94.29,idle,0.0,0.0,4.216370213557839,0.0,3463.9355181838
2025-05-07 20:00:00,95.73,idle,0.0,0.0,4.216370213557839,0.0,3463.9355181838
2025-05-07 21:00:00,89.48,idle,0.0,0.0,4.216370213557839,0.0,3463.9355181838
2025-05-07 22:00:00,89.74,idle,0.0,0.0,4.216370213557839,0.0,3463.9355181838
2025-05-07 23:00:00,91.63,idle,0.0,0.0,4.216370213557839,0.0,3463.9355181838
2025-05-08 00:00:00,95.24,idle,0.0,0.0,4.216370213557839,0.0,3463.9355181838
2025-05-08 01:00:00,109.69,idle,0.0,0.0,4.216370213557839,0.0,3463.9355181838
2025-05-08 02:00:00,125.22,idle,0.0,0.0,4.216370213557839,0.0,3463.9355181838
2025-05-08 03:00:00,143.37,discharge,0.0,4.0,0.0,573.48,4037.4155181838
2025-05-08 04:00:00,124.3,idle,0.0,0.0,0.0,0.0,4037.4155181838
2025-05-08 05:00:00,101.88,idle,0.0,0.0,0.0,0.0,4037.4155181838
2025-05-08 06:00:00,89.81,idle,0.0,0.0,0.0,0.0,4037.4155181838
2025-05-08 07:00:00,77.62,idle,0.0,0.0,0.0,0.0,4037.4155181838
2025-05-08 08:00:00,66.45,charge,5.0,0.0,4.743416490252569,-332.25,3705.1655181838
2025-05-08 09:00:00,65.64,charge,5.0,0.0,9.486832980505138,-328.2,3376.9655181838
2025-05-08 10:00:00,72.03,idle,0.0,0.0,9.486832980505138,0.0,3376.9655181838
2025-05-08 11:00:00,84.17,idle,0.0,0.0,9.486832980505138,0.0,3376.9655181838
2025-05-08 12:00:00,87.62,idle,0.0,0.0,9.486832980505138,0.0,3376.9655181838
2025-05-08 13:00:00,94.07,idle,0.0,0.0,9.486832980505138,0.0,3376.9655181838
2025-05-08 14:00:00,109.97,idle,0.0,0.0,9.486832980505138,0.0,3376.9655181838
2025-05-08 15:00:00,134.05,idle,0.0,0.0,9.486832980505138,0.0,3376.9655181838
2025-05-08 16:00:00,181.89,discharge,0.0,5.0,4.216370213557839,909.4499999999999,4286.4155181838005
2025-05-08 17:00:00,142.6,idle,0.0,0.0,4.216370213557839,0.0,4286.4155181838005
2025-05-08 18:00:00,114.63,idle,0.0,0.0,4.216370213557839,0.0,4286.4155181838005
2025-05-08 19:00:00,103.99,idle,0.0,0.0,4.216370213557839,0.0,4286.4155181838005
2025-05-08 20:00:00,99.88,idle,0.0,0.0,4.216370213557839,0.0,4286.4155181838005
2025-05-08 21:00:00,94.72,idle,0.0,0.0,4.216370213557839,0.0,4286.4155181838005
2025-05-08 22:00:00,91.52,idle,0.0,0.0,4.216370213557839,0.0,4286.4155181838005
2025-05-08 23:00:00,92.82,idle,0.0,0.0,4.216370213557839,0.0,4286.4155181838005
2025-05-09 00:00:00,95.12,idle,0.0,0.0,4.216370213557839,0.0,4286.4155181838005
2025-05-09 01:00:00,89.87,idle,0.0,0.0,4.216370213557839,0.0,4286.4155181838005
2025-05-09 02:00:00,148.9,discharge,0.0,4.0,0.0,595.6,4882.015518183801
2025-05-09 03:00:00,142.1,idle,0.0,0.0,0.0,0.0,4882.015518183801
2025-05-09 04:00:00,99.09,idle,0.0,0.0,0.0,0.0,4882.015518183801
2025-05-09 05:00:00,83.46,idle,0.0,0.0,0.0,0.0,4882.015518183801
2025-05-09 06:00:00,63.63,idle,0.0,0.0,0.0,0.0,4882.015518183801
2025-05-09 07:00:00,54.24,idle,0.0,0.0,0.0,0.0,4882.015518183801
2025-05-09 08:00:00,49.44,idle,0.0,0.0,0.0,0.0,4882.015518183801
2025-05-09 09:00:00,44.25,charge,5.0,0.0,4.743416490252569,-221.25,4660.765518183801
2025-05-09 10:00:00,40.13,charge,5.0,0.0,9.486832980505138,-200.65,4460.115518183801
2025-05-09 11:00:00,47.06,idle,0.0,0.0,9.486832980505138,0.0,4460.115518183801
2025-05-09 12:00:00,53.9,idle,0.0,0.0,9.486832980505138,0.0,4460.115518183801
2025-05-09 13:00:00,81.57,idle,0.0,0.0,9.486832980505138,0.0,4460.115518183801
2025-05-09 14:00:00,102.36,idle,0.0,0.0,9.486832980505138,0.0,4460.115518183801
2025-05-09 15:00:00,123.97,idle,0.0,0.0,9.486832980505138,0.0,4460.115518183801
2025-05-09 16:00:00,154.19,discharge,0.0,5.0,4.216370213557839,770.95,5231.065518183801
2025-05-09 17:00:00,135.56,idle,0.0,0.0,4.216370213557839,0.0,5231.065518183801
2025-05-09 18:00:00,111.05,idle,0.0,0.0,4.216370213557839,0.0,5231.065518183801
2025-05-09 19:00:00,101.56,idle,0.0,0.0,4.216370213557839,0.0,5231.065518183801
2025-05-09 20:00:00,101.23,idle,0.0,0.0,4.216370213557839,0.0,5231.065518183801
2025-05-09 21:00:00,100.96,idle,0.0,0.0,4.216370213557839,0.0,5231.065518183801
2025-05-09 22:00:00,96.52,idle,0.0,0.0,4.216370213557839,0.0,5231.065518183801
2025-05-09 23:00:00,94.07,idle,0.0,0.0,4.216370213557839,0.0,5231.065518183801
2025-05-10 00:00:00,98.27,idle,0.0,0.0,4.216370213557839,0.0,5231.065518183801
2025-05-10 01:00:00,98.22,idle,0.0,0.0,4.216370213557839,0.0,5231.065518183801
2025-05-10 02:00:00,92.24,idle,0.0,0.0,4.216370213557839,0.0,5231.065518183801
2025-05-10 03:00:00,82.45,idle,0.0,0.0,4.216370213557839,0.0,5231.065518183801
2025-05-10 04:00:00,56.84,idle,0.0,0.0,4.216370213557839,0.0,5231.065518183801
2025-05-10 05:00:00,28.39,idle,0.0,0.0,4.216370213557839,0.0,5231.065518183801
2025-05-10 06:00:00,8.75,idle,0.0,0.0,4.216370213557839,0.0,5231.065518183801
2025-05-10 07:00:00,6.96,idle,0.0,0.0,4.216370213557839,0.0,5231.065518183801
2025-05-10 08:00:00,5.15,charge,5.0,0.0,8.959786703810408,-25.75,5205.315518183801
2025-05-10 09:00:00,4.49,charge,1.096481089450153,0.0,10.0,-4.9232000916311875,5200.39231809217
2025-05-10 10:00:00,8.78,idle,0.0,0.0,10.0,0.0,5200.39231809217
2025-05-10 11:00:00,6.62,idle,0.0,0.0,10.0,0.0,5200.39231809217
2025-05-10 12:00:00,14.83,idle,0.0,0.0,10.0,0.0,5200.39231809217
2025-05-10 13:00:00,47.71,idle,0.0,0.0,10.0,0.0,5200.39231809217
2025-05-10 14:00:00,70.99,idle,0.0,0.0,10.0,0.0,5200.39231809217
2025-05-10 15:00:00,105.78,idle,0.0,0.0,10.0,0.0,5200.39231809217
2025-05-10 16:00:00,152.48,discharge,0.0,5.0,4.729537233052701,762.4,5962.79231809217
2025-05-10 17:00:00,121.46,discharge,0.0,4.486832980505138,0.0,544.9707338121541,6507.763051904324
2025-05-10 18:00:00,105.73,idle,0.0,0.0,0.0,0.0,6507.763051904324
2025-05-10 19:00:00,92.7,idle,0.0,0.0,0.0,0.0,6507.763051904324
2025-05-10 20:00:00,95.87,idle,0.0,0.0,0.0,0.0,6507.763051904324
2025-05-10 21:00:00,91.93,idle,0.0,0.0,0.0,0.0,6507.763051904324
2025-05-10 22:00:00,92.71,idle,0.0,0.0,0.0,0.0,6507.763051904324
2025-05-10 23:00:00,90.91,idle,0.0,0.0,0.0,0.0,6507.763051904324
2025-05-11 00:00:00,90.64,idle,0.0,0.0,0.0,0.0,6507.763051904324
2025-05-11 01:00:00,88.04,idle,0.0,0.0,0.0,0.0,6507.763051904324
2025-05-11 02:00:00,79.75,idle,0.0,0.0,0.0,0.0,6507.763051904324
2025-05-11 03:00:00,55.86,idle,0.0,0.0,0.0,0.0,6507.763051904324
2025-05-11 04:00:00,14.59,idle,0.0,0.0,0.0,0.0,6507.763051904324
2025-05-11 05:00:00,8.02,idle,0.0,0.0,0.0,0.0,6507.763051904324
2025-05-11 06:00:00,4.34,idle,0.0,0.0,0.0,0.0,6507.763051904324
2025-05-11 07:00:00,2.59,charge,5.0,0.0,4.743416490252569,-12.95,6494.813051904324
2025-05-11 08:00:00,3.36,charge,5.0,0.0,9.486832980505138,-16.8,6478.013051904324
2025-05-11 09:00:00,4.07,idle,0.0,0.0,9.486832980505138,0.0,6478.013051904324
2025-05-11 10:00:00,3.83,idle,0.0,0.0,9.486832980505138,0.0,6478.013051904324
2025-05-11 11:00:00,4.03,idle,0.0,0.0,9.486832980505138,0.0,6478.013051904324
2025-05-11 12:00:00,8.02,idle,0.0,0.0,9.486832980505138,0.0,6478.013051904324
2025-05-11 13:00:00,35.2,idle,0.0,0.0,9.486832980505138,0.0,6478.013051904324
2025-05-11 14:00:00,76.71,idle,0.0,0.0,9.486832980505138,0.0,6478.013051904324
2025-05-11 15:00:00,113.76,idle,0.0,0.0,9.486832980505138,0.0,6478.013051904324
2025-05-11 16:00:00,130.21,discharge,0.0,5.0,4.216370213557839,651.0500000000001,7129.063051904324
2025-05-11 17:00:00,113.77,discharge,0.0,4.0,0.0,455.08,7584.143051904324
2025-05-11 18:00:00,102.4,idle,0.0,0.0,0.0,0.0,7584.143051904324
2025-05-11 19:00:00,86.28,idle,0.0,0.0,0.0,0.0,7584.143051904324
2025-05-11 20:00:00,85.94,idle,0.0,0.0,0.0,0.0,7584.143051904324
2025-05-11 21:00:00,80.59,idle,0.0,0.0,0.0,0.0,7584.143051904324
2025-05-11 22:00:00,80.23,idle,0.0,0.0,0.0,0.0,7584.143051904324
2025-05-11 23:00:00,80.25,idle,0.0,0.0,0.0,0.0,7584.143051904324
2025-05-12 00:00:00,84.44,idle,0.0,0.0,0.0,0.0,7584.143051904324
2025-05-12 01:00:00,95.68,idle,0.0,0.0,0.0,0.0,7584.143051904324
2025-05-12 02:00:00,141.71,idle,0.0,0.0,0.0,0.0,7584.143051904324
2025-05-12 03:00:00,143.54,idle,0.0,0.0,0.0,0.0,7584.143051904324
2025-05-12 04:00:00,106.15,idle,0.0,0.0,0.0,0.0,7584.143051904324
2025-05-12 05:00:00,69.68,idle,0.0,0.0,0.0,0.0,7584.143051904324
2025-05-12 06:00:00,45.01,idle,0.0,0.0,0.0,0.0,7584.143051904324
2025-05-12 07:00:00,42.04,idle,0.0,0.0,0.0,0.0,7584.143051904324
2025-05-12 08:00:00,34.66,idle,0.0,0.0,0.0,0.0,7584.143051904324
2025-05-12 09:00:00,17.4,charge,5.0,0.0,4.743416490252569,-87.0,7497.143051904324
2025-05-12 10:00:00,22.59,charge,5.0,0.0,9.486832980505138,-112.95,7384.193051904324
2025-05-12 11:00:00,38.3,idle,0.0,0.0,9.486832980505138,0.0,7384.193051904324
2025-05-12 12:00:00,47.69,idle,0.0,0.0,9.486832980505138,0.0,7384.193051904324
2025-05-12 13:00:00,79.7,idle,0.0,0.0,9.486832980505138,0.0,7384.193051904324
2025-05-12 14:00:00,105.62,idle,0.0,0.0,9.486832980505138,0.0,7384.193051904324
2025-05-12 15:00:00,145.42,discharge,0.0,5.0,4.216370213557839,727.0999999999999,8111.293051904324
2025-05-12 16:00:00,178.05,discharge,0.0,4.0,0.0,712.2,8823.493051904325
2025-05-12 17:00:00,120.65,idle,0.0,0.0,0.0,0.0,8823.493051904325
2025-05-12 18:00:00,102.36,idle,0.0,0.0,0.0,0.0,8823.493051904325
2025-05-12 19:00:00,91.1,idle,0.0,0.0,0.0,0.0,8823.493051904325
2025-05-12 20:00:00,87.82,idle,0.0,0.0,0.0,0.0,8823.493051904325
2025-05-12 21:00:00,86.47,idle,0.0,0.0,0.0,0.0,8823.493051904325
2025-05-12 22:00:00,87.2,idle,0.0,0.0,0.0,0.0,8823.493051904325
2025-05-12 23:00:00,90.29,idle,0.0,0.0,0.0,0.0,8823.493051904325
2025-05-13 00:00:00,94.58,idle,0.0,0.0,0.0,0.0,8823.493051904325
2025-05-13 01:00:00,102.27,idle,0.0,0.0,0.0,0.0,8823.493051904325
2025-05-13 02:00:00,123.37,idle,0.0,0.0,0.0,0.0,8823.493051904325
2025-05-13 03:00:00,125.58,idle,0.0,0.0,0.0,0.0,8823.493051904325
2025-05-13 04:00:00,97.28,idle,0.0,0.0,0.0,0.0,8823.493051904325
2025-05-13 05:00:00,79.81,idle,0.0,0.0,0.0,0.0,8823.493051904325
2025-05-13 06:00:00,17.23,idle,0.0,0.0,0.0,0.0,8823.493051904325
2025-05-13 07:00:00,5.95,idle,0.0,0.0,0.0,0.0,8823.493051904325
2025-05-13 08:00:00,4.14,idle,0.0,0.0,0.0,0.0,8823.493051904325
2025-05-13 09:00:00,13.39,idle,0.0,0.0,0.0,0.0,8823.493051904325
2025-05-13 10:00:00,0.38,charge,5.0,0.0,4.743416490252569,-1.9,8821.593051904325
2025-05-13 11:00:00,3.96,charge,5.0,0.0,9.486832980505138,-19.8,8801.793051904326
2025-05-13 12:00:00,5.11,idle,0.0,0.0,9.486832980505138,0.0,8801.793051904326
2025-05-13 13:00:00,72.71,idle,0.0,0.0,9.486832980505138,0.0,8801.793051904326
2025-05-13 14:00:00,103.62,idle,0.0,0.0,9.486832980505138,0.0,8801.793051904326
2025-05-13 15:00:00,140.89,idle,0.0,0.0,9.486832980505138,0.0,8801.793051904326
2025-05-13 16:00:00,219.24,discharge,0.0,5.0,4.216370213557839,1096.2,9897.993051904326
2025-05-13 17:00:00,146.09,discharge,0.0,4.0,0.0,584.36,10482.353051904327
2025-05-13 18:00:00,109.68,idle,0.0,0.0,0.0,0.0,10482.353051904327
2025-05-13 19:00:00,100.56,idle,0.0,0.0,0.0,0.0,10482.353051904327
2025-05-13 20:00:00,81.82,idle,0.0,0.0,0.0,0.0,10482.353051904327
2025-05-13 21:00:00,78.05,idle,0.0,0.0,0.0,0.0,10482.353051904327
2025-05-13 22:00:00,78.01,idle,0.0,0.0,0.0,0.0,10482.353051904327
2025-05-13 23:00:00,77.39,idle,0.0,0.0,0.0,0.0,10482.353051904327
2025-05-14 00:00:00,73.67,idle,0.0,0.0,0.0,0.0,10482.353051904327
2025-05-14 01:00:00,74.97,idle,0.0,0.0,0.0,0.0,10482.353051904327
2025-05-14 02:00:00,85.72,idle,0.0,0.0,0.0,0.0,10482.353051904327
2025-05-14 03:00:00,116.87,discharge,0.0,0.0,0.0,0.0,10482.353051904327
2025-05-14 04:00:00,98.04,idle,0.0,0.0,0.0,0.0,10482.353051904327
2025-05-14 05:00:00,71.1,idle,0.0,0.0,0.0,0.0,10482.353051904327
2025-05-14 06:00:00,2.38,idle,0.0,0.0,0.0,0.0,10482.353051904327
2025-05-14 07:00:00,-0.83,idle,0.0,0.0,0.0,0.0,10482.353051904327
2025-05-14 08:00:00,-3.88,idle,0.0,0.0,0.0,0.0,10482.353051904327
2025-05-14 09:00:00,-4.21,charge,5.0,0.0,4.743416490252569,21.05,10503.403051904326
2025-05-14 10:00:00,-4.45,charge,5.0,0.0,9.486832980505138,22.25,10525.653051904326
2025-05-14 11:00:00,-1.41,idle,0.0,0.0,9.486832980505138,0.0,10525.653051904326
2025-05-14 12:00:00,7.26,idle,0.0,0.0,9.486832980505138,0.0,10525.653051904326
2025-05-14 13:00:00,31.05,idle,0.0,0.0,9.486832980505138,0.0,10525.653051904326
2025-05-14 14:00:00,85.95,idle,0.0,0.0,9.486832980505138,0.0,10525.653051904326
2025-05-14 15:00:00,94.39,idle,0.0,0.0,9.486832980505138,0.0,10525.653051904326
2025-05-14 16:00:00,111.39,idle,0.0,0.0,9.486832980505138,0.0,10525.653051904326
2025-05-14 17:00:00,128.28,discharge,0.0,5.0,4.216370213557839,641.4,11167.053051904326
2025-05-14 18:00:00,107.07,idle,0.0,0.0,4.216370213557839,0.0,11167.053051904326
2025-05-14 19:00:00,93.3,idle,0.0,0.0,4.216370213557839,0.0,11167.053051904326
2025-05-14 20:00:00,84.91,idle,0.0,0.0,4.216370213557839,0.0,11167.053051904326
2025-05-14 21:00:00,80.94,idle,0.0,0.0,4.216370213557839,0.0,11167.053051904326
2025-05-14 22:00:00,79.48,idle,0.0,0.0,4.216370213557839,0.0,11167.053051904326
2025-05-14 23:00:00,75.04,idle,0.0,0.0,4.216370213557839,0.0,11167.053051904326
2025-05-15 00:00:00,73.4,idle,0.0,0.0,4.216370213557839,0.0,11167.053051904326
2025-05-15 01:00:00,69.36,idle,0.0,0.0,4.216370213557839,0.0,11167.053051904326
2025-05-15 02:00:00,78.02,idle,0.0,0.0,4.216370213557839,0.0,11167.053051904326
2025-05-15 03:00:00,87.78,idle,0.0,0.0,4.216370213557839,0.0,11167.053051904326
2025-05-15 04:00:00,82.43,idle,0.0,0.0,4.216370213557839,0.0,11167.053051904326
2025-05-15 05:00:00,42.33,idle,0.0,0.0,4.216370213557839,0.0,11167.053051904326
2025-05-15 06:00:00,4.45,idle,0.0,0.0,4.216370213557839,0.0,11167.053051904326
2025-05-15 07:00:00,0.07,idle,0.0,0.0,4.216370213557839,0.0,11167.053051904326
2025-05-15 08:00:00,-3.87,idle,0.0,0.0,4.216370213557839,0.0,11167.053051904326
2025-05-15 09:00:00,-6.24,charge,5.0,0.0,8.959786703810408,31.200000000000003,11198.253051904327
2025-05-15 10:00:00,-4.85,charge,1.096481089450153,0.0,10.0,5.317933283833242,11203.57098518816
2025-05-15 11:00:00,-2.47,idle,0.0,0.0,10.0,0.0,11203.57098518816
2025-05-15 12:00:00,-0.32,idle,0.0,0.0,10.0,0.0,11203.57098518816
2025-05-15 13:00:00,3.93,idle,0.0,0.0,10.0,0.0,11203.57098518816
2025-05-15 14:00:00,74.74,idle,0.0,0.0,10.0,0.0,11203.57098518816
2025-05-15 15:00:00,97.62,discharge,0.0,5.0,4.729537233052701,488.1,11691.67098518816
2025-05-15 16:00:00,112.33,discharge,0.0,4.486832980505138,0.0,504.00594870014214,12195.676933888302
2025-05-15 17:00:00,78.0,idle,0.0,0.0,0.0,0.0,12195.676933888302
2025-05-15 18:00:00,57.42,idle,0.0,0.0,0.0,0.0,12195.676933888302
2025-05-15 19:00:00,44.36,idle,0.0,0.0,0.0,0.0,12195.676933888302
2025-05-15 20:00:00,45.01,idle,0.0,0.0,0.0,0.0,12195.676933888302
2025-05-15 21:00:00,19.62,idle,0.0,0.0,0.0,0.0,12195.676933888302
2025-05-15 22:00:00,9.36,idle,0.0,0.0,0.0,0.0,12195.676933888302
2025-05-15 23:00:00,7.66,idle,0.0,0.0,0.0,0.0,12195.676933888302
2025-05-16 00:00:00,9.21,idle,0.0,0.0,0.0,0.0,12195.676933888302
2025-05-16 01:00:00,43.49,idle,0.0,0.0,0.0,0.0,12195.676933888302
2025-05-16 02:00:00,59.47,idle,0.0,0.0,0.0,0.0,12195.676933888302
2025-05-16 03:00:00,69.4,discharge,0.0,0.0,0.0,0.0,12195.676933888302
2025-05-16 04:00:00,76.26,discharge,0.0,0.0,0.0,0.0,12195.676933888302
2025-05-16 05:00:00,46.55,idle,0.0,0.0,0.0,0.0,12195.676933888302
2025-05-16 06:00:00,9.81,idle,0.0,0.0,0.0,0.0,12195.676933888302
2025-05-16 07:00:00,1.4,idle,0.0,0.0,0.0,0.0,12195.676933888302
2025-05-16 08:00:00,-1.14,charge,5.0,0.0,4.743416490252569,5.699999999999999,12201.376933888303
2025-05-16 09:00:00,-0.98,charge,5.0,0.0,9.486832980505138,4.9,12206.276933888303
2025-05-16 10:00:00,-0.96,idle,0.0,0.0,9.486832980505138,0.0,12206.276933888303
2025-05-16 11:00:00,1.25,idle,0.0,0.0,9.486832980505138,0.0,12206.276933888303
2025-05-16 12:00:00,3.95,idle,0.0,0.0,9.486832980505138,0.0,12206.276933888303
2025-05-16 13:00:00,44.35,idle,0.0,0.0,9.486832980505138,0.0,12206.276933888303
2025-05-16 14:00:00,46.7,idle,0.0,0.0,9.486832980505138,0.0,12206.276933888303
2025-05-16 15:00:00,49.35,idle,0.0,0.0,9.486832980505138,0.0,12206.276933888303
2025-05-16 16:00:00,52.33,idle,0.0,0.0,9.486832980505138,0.0,12206.276933888303
2025-05-16 17:00:00,55.06,idle,0.0,0.0,9.486832980505138,0.0,12206.276933888303
2025-05-16 18:00:00,52.18,idle,0.0,0.0,9.486832980505138,0.0,12206.276933888303
2025-05-16 19:00:00,48.27,idle,0.0,0.0,9.486832980505138,0.0,12206.276933888303
2025-05-16 20:00:00,39.45,idle,0.0,0.0,9.486832980505138,0.0,12206.276933888303
2025-05-16 21:00:00,40.01,idle,0.0,0.0,9.486832980505138,0.0,12206.276933888303
2025-05-16 22:00:00,31.02,idle,0.0,0.0,9.486832980505138,0.0,12206.276933888303
2025-05-16 23:00:00,37.64,idle,0.0,0.0,9.486832980505138,0.0,12206.276933888303
2025-05-17 00:00:00,31.31,idle,0.0,0.0,9.486832980505138,0.0,12206.276933888303
2025-05-17 01:00:00,37.15,idle,0.0,0.0,9.486832980505138,0.0,12206.276933888303
2025-05-17 02:00:00,37.73,idle,0.0,0.0,9.486832980505138,0.0,12206.276933888303
2025-05-17 03:00:00,35.71,idle,0.0,0.0,9.486832980505138,0.0,12206.276933888303
2025-05-17 04:00:00,36.27,idle,0.0,0.0,9.486832980505138,0.0,12206.276933888303
2025-05-17 05:00:00,4.12,idle,0.0,0.0,9.486832980505138,0.0,12206.276933888303
2025-05-17 06:00:00,0.15,idle,0.0,0.0,9.486832980505138,0.0,12206.276933888303
2025-05-17 07:00:00,-3.0,charge,0.5409255338945976,0.0,10.0,1.622776601683793,12207.899710489986
2025-05-17 08:00:00,-2.97,charge,0.0,0.0,10.0,0.0,12207.899710489986
2025-05-17 09:00:00,-2.63,idle,0.0,0.0,10.0,0.0,12207.899710489986
2025-05-17 10:00:00,-2.5,idle,0.0,0.0,10.0,0.0,12207.899710489986
2025-05-17 11:00:00,-0.69,idle,0.0,0.0,10.0,0.0,12207.899710489986
2025-05-17 12:00:00,1.25,idle,0.0,0.0,10.0,0.0,12207.899710489986
2025-05-17 13:00:00,10.47,idle,0.0,0.0,10.0,0.0,12207.899710489986
2025-05-17 14:00:00,43.69,idle,0.0,0.0,10.0,0.0,12207.899710489986
2025-05-17 15:00:00,75.03,idle,0.0,0.0,10.0,0.0,12207.899710489986
2025-05-17 16:00:00,78.37,idle,0.0,0.0,10.0,0.0,12207.899710489986
2025-05-17 17:00:00,78.49,idle,0.0,0.0,10.0,0.0,12207.899710489986
2025-05-17 18:00:00,79.43,discharge,0.0,5.0,4.729537233052701,397.15000000000003,12605.049710489986
2025-05-17 19:00:00,79.19,discharge,0.0,4.486832980505138,0.0,355.3123037262019,12960.362014216187
2025-05-17 20:00:00,76.27,idle,0.0,0.0,0.0,0.0,12960.362014216187
2025-05-17 21:00:00,24.89,idle,0.0,0.0,0.0,0.0,12960.362014216187
2025-05-17 22:00:00,12.7,idle,0.0,0.0,0.0,0.0,12960.362014216187
2025-05-17 23:00:00,17.71,idle,0.0,0.0,0.0,0.0,12960.362014216187
2025-05-18 00:00:00,3.6,idle,0.0,0.0,0.0,0.0,12960.362014216187
2025-05-18 01:00:00,4.91,idle,0.0,0.0,0.0,0.0,12960.362014216187
2025-05-18 02:00:00,7.07,idle,0.0,0.0,0.0,0.0,12960.362014216187
2025-05-18 03:00:00,6.01,idle,0.0,0.0,0.0,0.0,12960.362014216187
2025-05-18 04:00:00,6.99,idle,0.0,0.0,0.0,0.0,12960.362014216187
2025-05-18 05:00:00,5.85,idle,0.0,0.0,0.0,0.0,12960.362014216187
2025-05-18 06:00:00,0.52,idle,0.0,0.0,0.0,0.0,12960.362014216187
2025-05-18 07:00:00,-0.17,idle,0.0,0.0,0.0,0.0,12960.362014216187
2025-05-18 08:00:00,-2.35,idle,0.0,0.0,0.0,0.0,12960.362014216187
2025-05-18 09:00:00,-6.19,charge,5.0,0.0,4.743416490252569,30.950000000000003,12991.312014216188
2025-05-18 10:00:00,-6.53,charge,5.0,0.0,9.486832980505138,32.65,13023.962014216188
2025-05-18 11:00:00,-2.73,idle,0.0,0.0,9.486832980505138,0.0,13023.962014216188
2025-05-18 12:00:00,1.04,idle,0.0,0.0,9.486832980505138,0.0,13023.962014216188
2025-05-18 13:00:00,8.23,idle,0.0,0.0,9.486832980505138,0.0,13023.962014216188
2025-05-18 14:00:00,48.39,idle,0.0,0.0,9.486832980505138,0.0,13023.962014216188
2025-05-18 15:00:00,71.29,idle,0.0,0.0,9.486832980505138,0.0,13023.962014216188
2025-05-18 16:00:00,74.55,discharge,0.0,5.0,4.216370213557839,372.75,13396.712014216188
2025-05-18 17:00:00,72.72,idle,0.0,0.0,4.216370213557839,0.0,13396.712014216188
2025-05-18 18:00:00,74.23,idle,0.0,0.0,4.216370213557839,0.0,13396.712014216188
2025-05-18 19:00:00,74.17,idle,0.0,0.0,4.216370213557839,0.0,13396.712014216188
2025-05-18 20:00:00,30.22,idle,0.0,0.0,4.216370213557839,0.0,13396.712014216188
2025-05-18 21:00:00,37.3,idle,0.0,0.0,4.216370213557839,0.0,13396.712014216188
2025-05-18 22:00:00,72.22,idle,0.0,0.0,4.216370213557839,0.0,13396.712014216188
2025-05-18 23:00:00,75.34,discharge,0.0,4.0,0.0,301.36,13698.072014216188
2025-05-19 00:00:00,75.96,idle,0.0,0.0,0.0,0.0,13698.072014216188
2025-05-19 01:00:00,79.55,idle,0.0,0.0,0.0,0.0,13698.072014216188
2025-05-19 02:00:00,89.99,idle,0.0,0.0,0.0,0.0,13698.072014216188
2025-05-19 03:00:00,91.84,idle,0.0,0.0,0.0,0.0,13698.072014216188
2025-05-19 04:00:00,91.92,idle,0.0,0.0,0.0,0.0,13698.072014216188
2025-05-19 05:00:00,50.54,idle,0.0,0.0,0.0,0.0,13698.072014216188
2025-05-19 06:00:00,44.67,idle,0.0,0.0,0.0,0.0,13698.072014216188
2025-05-19 07:00:00,32.48,idle,0.0,0.0,0.0,0.0,13698.072014216188
2025-05-19 08:00:00,10.65,idle,0.0,0.0,0.0,0.0,13698.072014216188
2025-05-19 09:00:00,4.35,charge,5.0,0.0,4.743416490252569,-21.75,13676.322014216188
2025-05-19 10:00:00,7.52,charge,5.0,0.0,9.486832980505138,-37.599999999999994,13638.722014216188
2025-05-19 11:00:00,32.34,idle,0.0,0.0,9.486832980505138,0.0,13638.722014216188
2025-05-19 12:00:00,44.17,idle,0.0,0.0,9.486832980505138,0.0,13638.722014216188
2025-05-19 13:00:00,65.43,idle,0.0,0.0,9.486832980505138,0.0,13638.722014216188
2025-05-19 14:00:00,83.18,idle,0.0,0.0,9.486832980505138,0.0,13638.722014216188
2025-05-19 15:00:00,94.32,discharge,0.0,5.0,4.216370213557839,471.59999999999997,14110.322014216188
2025-05-19 16:00:00,97.2,discharge,0.0,4.0,0.0,388.8,14499.122014216187
2025-05-19 17:00:00,88.66,idle,0.0,0.0,0.0,0.0,14499.122014216187
2025-05-19 18:00:00,50.39,idle,0.0,0.0,0.0,0.0,14499.122014216187
2025-05-19 19:00:00,45.08,idle,0.0,0.0,0.0,0.0,14499.122014216187
2025-05-19 20:00:00,69.1,idle,0.0,0.0,0.0,0.0,14499.122014216187
2025-05-19 21:00:00,43.43,idle,0.0,0.0,0.0,0.0,14499.122014216187
2025-05-19 22:00:00,42.53,idle,0.0,0.0,0.0,0.0,14499.122014216187
2025-05-19 23:00:00,42.49,idle,0.0,0.0,0.0,0.0,14499.122014216187
2025-05-20 00:00:00,41.28,idle,0.0,0.0,0.0,0.0,14499.122014216187
2025-05-20 01:00:00,40.23,idle,0.0,0.0,0.0,0.0,14499.122014216187
2025-05-20 02:00:00,59.94,idle,0.0,0.0,0.0,0.0,14499.122014216187
2025-05-20 03:00:00,84.29,idle,0.0,0.0,0.0,0.0,14499.122014216187
2025-05-20 04:00:00,46.46,idle,0.0,0.0,0.0,0.0,14499.122014216187
2025-05-20 05:00:00,43.35,idle,0.0,0.0,0.0,0.0,14499.122014216187
2025-05-20 06:00:00,39.59,idle,0.0,0.0,0.0,0.0,14499.122014216187
2025-05-20 07:00:00,14.34,idle,0.0,0.0,0.0,0.0,14499.122014216187
2025-05-20 08:00:00,0.1,idle,0.0,0.0,0.0,0.0,14499.122014216187
2025-05-20 09:00:00,-0.01,charge,5.0,0.0,4.743416490252569,0.05,14499.172014216187
2025-05-20 10:00:00,0.08,charge,5.0,0.0,9.486832980505138,-0.4,14498.772014216187
2025-05-20 11:00:00,5.12,idle,0.0,0.0,9.486832980505138,0.0,14498.772014216187
2025-05-20 12:00:00,43.35,idle,0.0,0.0,9.486832980505138,0.0,14498.772014216187
2025-05-20 13:00:00,44.75,idle,0.0,0.0,9.486832980505138,0.0,14498.772014216187
2025-05-20 14:00:00,89.87,idle,0.0,0.0,9.486832980505138,0.0,14498.772014216187
2025-05-20 15:00:00,99.04,idle,0.0,0.0,9.486832980505138,0.0,14498.772014216187
2025-05-20 16:00:00,120.91,discharge,0.0,5.0,4.216370213557839,604.55,15103.322014216186
2025-05-20 17:00:00,110.0,discharge,0.0,4.0,0.0,440.0,15543.322014216186
2025-05-20 18:00:00,85.42,idle,0.0,0.0,0.0,0.0,15543.322014216186
2025-05-20 19:00:00,79.65,idle,0.0,0.0,0.0,0.0,15543.322014216186
2025-05-20 20:00:00,69.51,idle,0.0,0.0,0.0,0.0,15543.322014216186
2025-05-20 21:00:00,67.49,idle,0.0,0.0,0.0,0.0,15543.322014216186
2025-05-20 22:00:00,54.77,idle,0.0,0.0,0.0,0.0,15543.322014216186
2025-05-20 23:00:00,40.65,idle,0.0,0.0,0.0,0.0,15543.322014216186
2025-05-21 00:00:00,41.16,idle,0.0,0.0,0.0,0.0,15543.322014216186
2025-05-21 01:00:00,63.41,idle,0.0,0.0,0.0,0.0,15543.322014216186
2025-05-21 02:00:00,74.22,discharge,0.0,0.0,0.0,0.0,15543.322014216186
2025-05-21 03:00:00,73.66,discharge,0.0,0.0,0.0,0.0,15543.322014216186
2025-05-21 04:00:00,45.22,idle,0.0,0.0,0.0,0.0,15543.322014216186
2025-05-21 05:00:00,41.29,idle,0.0,0.0,0.0,0.0,15543.322014216186
2025-05-21 06:00:00,28.86,idle,0.0,0.0,0.0,0.0,15543.322014216186
2025-05-21 07:00:00,6.98,idle,0.0,0.0,0.0,0.0,15543.322014216186
2025-05-21 08:00:00,4.14,idle,0.0,0.0,0.0,0.0,15543.322014216186
2025-05-21 09:00:00,3.74,charge,5.0,0.0,4.743416490252569,-18.700000000000003,15524.622014216186
2025-05-21 10:00:00,3.08,charge,5.0,0.0,9.486832980505138,-15.4,15509.222014216186
2025-05-21 11:00:00,4.61,idle,0.0,0.0,9.486832980505138,0.0,15509.222014216186
2025-05-21 12:00:00,8.9,idle,0.0,0.0,9.486832980505138,0.0,15509.222014216186
2025-05-21 13:00:00,34.86,idle,0.0,0.0,9.486832980505138,0.0,15509.222014216186
2025-05-21 14:00:00,45.03,idle,0.0,0.0,9.486832980505138,0.0,15509.222014216186
2025-05-21 15:00:00,65.64,idle,0.0,0.0,9.486832980505138,0.0,15509.222014216186
2025-05-21 16:00:00,66.58,idle,0.0,0.0,9.486832980505138,0.0,15509.222014216186
2025-05-21 17:00:00,69.12,idle,0.0,0.0,9.486832980505138,0.0,15509.222014216186
2025-05-21 18:00:00,68.22,idle,0.0,0.0,9.486832980505138,0.0,15509.222014216186
2025-05-21 19:00:00,37.1,idle,0.0,0.0,9.486832980505138,0.0,15509.222014216186
2025-05-21 20:00:00,31.48,idle,0.0,0.0,9.486832980505138,0.0,15509.222014216186
2025-05-21 21:00:00,27.95,idle,0.0,0.0,9.486832980505138,0.0,15509.222014216186
2025-05-21 22:00:00,26.3,idle,0.0,0.0,9.486832980505138,0.0,15509.222014216186
2025-05-21 23:00:00,23.5,idle,0.0,0.0,9.486832980505138,0.0,15509.222014216186
2025-05-22 00:00:00,18.78,idle,0.0,0.0,9.486832980505138,0.0,15509.222014216186
2025-05-22 01:00:00,23.05,idle,0.0,0.0,9.486832980505138,0.0,15509.222014216186
2025-05-22 02:00:00,32.27,idle,0.0,0.0,9.486832980505138,0.0,15509.222014216186
2025-05-22 03:00:00,35.45,idle,0.0,0.0,9.486832980505138,0.0,15509.222014216186
2025-05-22 04:00:00,32.98,idle,0.0,0.0,9.486832980505138,0.0,15509.222014216186
2025-05-22 05:00:00,23.77,idle,0.0,0.0,9.486832980505138,0.0,15509.222014216186
2025-05-22 06:00:00,3.62,idle,0.0,0.0,9.486832980505138,0.0,15509.222014216186
2025-05-22 07:00:00,2.02,idle,0.0,0.0,9.486832980505138,0.0,15509.222014216186
2025-05-22 08:00:00,0.51,charge,0.5409255338945976,0.0,10.0,-0.2758720222862448,15508.9461421939
2025-05-22 09:00:00,1.11,charge,0.0,0.0,10.0,0.0,15508.9461421939
2025-05-22 10:00:00,1.16,idle,0.0,0.0,10.0,0.0,15508.9461421939
2025-05-22 11:00:00,1.93,idle,0.0,0.0,10.0,0.0,15508.9461421939
2025-05-22 12:00:00,2.19,idle,0.0,0.0,10.0,0.0,15508.9461421939
2025-05-22 13:00:00,9.93,idle,0.0,0.0,10.0,0.0,15508.9461421939
2025-05-22 14:00:00,34.92,idle,0.0,0.0,10.0,0.0,15508.9461421939
2025-05-22 15:00:00,73.55,idle,0.0,0.0,10.0,0.0,15508.9461421939
2025-05-22 16:00:00,82.17,idle,0.0,0.0,10.0,0.0,15508.9461421939
2025-05-22 17:00:00,85.11,discharge,0.0,5.0,4.729537233052701,425.55,15934.496142193899
2025-05-22 18:00:00,85.17,discharge,0.0,4.486832980505138,0.0,382.1435649496226,16316.639707143522
2025-05-22 19:00:00,80.27,idle,0.0,0.0,0.0,0.0,16316.639707143522
2025-05-22 20:00:00,79.59,idle,0.0,0.0,0.0,0.0,16316.639707143522
2025-05-22 21:00:00,77.43,idle,0.0,0.0,0.0,0.0,16316.639707143522
2025-05-22 22:00:00,78.07,idle,0.0,0.0,0.0,0.0,16316.639707143522
2025-05-22 23:00:00,78.48,idle,0.0,0.0,0.0,0.0,16316.639707143522
2025-05-23 00:00:00,79.1,idle,0.0,0.0,0.0,0.0,16316.639707143522
2025-05-23 01:00:00,80.67,idle,0.0,0.0,0.0,0.0,16316.639707143522
2025-05-23 02:00:00,106.26,idle,0.0,0.0,0.0,0.0,16316.639707143522
2025-05-23 03:00:00,133.95,discharge,0.0,0.0,0.0,0.0,16316.639707143522
2025-05-23 04:00:00,116.26,idle,0.0,0.0,0.0,0.0,16316.639707143522
2025-05-23 05:00:00,82.9,idle,0.0,0.0,0.0,0.0,16316.639707143522
2025-05-23 06:00:00,69.51,idle,0.0,0.0,0.0,0.0,16316.639707143522
2025-05-23 07:00:00,38.5,idle,0.0,0.0,0.0,0.0,16316.639707143522
2025-05-23 08:00:00,22.8,idle,0.0,0.0,0.0,0.0,16316.639707143522
2025-05-23 09:00:00,5.76,charge,5.0,0.0,4.743416490252569,-28.799999999999997,16287.839707143523
2025-05-23 10:00:00,4.12,charge,5.0,0.0,9.486832980505138,-20.6,16267.239707143523
2025-05-23 11:00:00,11.81,idle,0.0,0.0,9.486832980505138,0.0,16267.239707143523
2025-05-23 12:00:00,34.93,idle,0.0,0.0,9.486832980505138,0.0,16267.239707143523
2025-05-23 13:00:00,64.08,idle,0.0,0.0,9.486832980505138,0.0,16267.239707143523
2025-05-23 14:00:00,75.08,idle,0.0,0.0,9.486832980505138,0.0,16267.239707143523
2025-05-23 15:00:00,83.28,idle,0.0,0.0,9.486832980505138,0.0,16267.239707143523
2025-05-23 16:00:00,105.08,idle,0.0,0.0,9.486832980505138,0.0,16267.239707143523
2025-05-23 17:00:00,117.5,discharge,0.0,5.0,4.216370213557839,587.5,16854.739707143523
2025-05-23 18:00:00,97.26,idle,0.0,0.0,4.216370213557839,0.0,16854.739707143523
2025-05-23 19:00:00,84.86,idle,0.0,0.0,4.216370213557839,0.0,16854.739707143523
2025-05-23 20:00:00,85.59,idle,0.0,0.0,4.216370213557839,0.0,16854.739707143523
2025-05-23 21:00:00,81.8,idle,0.0,0.0,4.216370213557839,0.0,16854.739707143523
2025-05-23 22:00:00,77.43,idle,0.0,0.0,4.216370213557839,0.0,16854.739707143523
2025-05-23 23:00:00,77.65,idle,0.0,0.0,4.216370213557839,0.0,16854.739707143523
2025-05-24 00:00:00,76.83,idle,0.0,0.0,4.216370213557839,0.0,16854.739707143523
2025-05-24 01:00:00,75.56,idle,0.0,0.0,4.216370213557839,0.0,16854.739707143523
2025-05-24 02:00:00,70.99,idle,0.0,0.0,4.216370213557839,0.0,16854.739707143523
2025-05-24 03:00:00,68.14,idle,0.0,0.0,4.216370213557839,0.0,16854.739707143523
2025-05-24 04:00:00,57.79,idle,0.0,0.0,4.216370213557839,0.0,16854.739707143523
2025-05-24 05:00:00,15.23,idle,0.0,0.0,4.216370213557839,0.0,16854.739707143523
2025-05-24 06:00:00,-0.01,idle,0.0,0.0,4.216370213557839,0.0,16854.739707143523
2025-05-24 07:00:00,-0.1,idle,0.0,0.0,4.216370213557839,0.0,16854.739707143523
2025-05-24 08:00:00,-0.15,idle,0.0,0.0,4.216370213557839,0.0,16854.739707143523
2025-05-24 09:00:00,-0.19,charge,5.0,0.0,8.959786703810408,0.95,16855.689707143523
2025-05-24 10:00:00,-0.36,charge,1.096481089450153,0.0,10.0,0.3947331922020551,16856.084440335726
2025-05-24 11:00:00,-0.04,idle,0.0,0.0,10.0,0.0,16856.084440335726
2025-05-24 12:00:00,3.67,idle,0.0,0.0,10.0,0.0,16856.084440335726
2025-05-24 13:00:00,41.64,idle,0.0,0.0,10.0,0.0,16856.084440335726
2025-05-24 14:00:00,77.51,idle,0.0,0.0,10.0,0.0,16856.084440335726
2025-05-24 15:00:00,106.44,discharge,0.0,5.0,4.729537233052701,532.2,17388.284440335727
2025-05-24 16:00:00,108.32,discharge,0.0,4.486832980505138,0.0,486.0137484483165,17874.298188784043
2025-05-24 17:00:00,105.3,idle,0.0,0.0,0.0,0.0,17874.298188784043
2025-05-24 18:00:00,89.69,idle,0.0,0.0,0.0,0.0,17874.298188784043
2025-05-24 19:00:00,73.97,idle,0.0,0.0,0.0,0.0,17874.298188784043
2025-05-24 20:00:00,36.6,idle,0.0,0.0,0.0,0.0,17874.298188784043
2025-05-24 21:00:00,22.37,idle,0.0,0.0,0.0,0.0,17874.298188784043
2025-05-24 22:00:00,12.12,idle,0.0,0.0,0.0,0.0,17874.298188784043
2025-05-24 23:00:00,7.38,idle,0.0,0.0,0.0,0.0,17874.298188784043
2025-05-25 00:00:00,3.7,idle,0.0,0.0,0.0,0.0,17874.298188784043
2025-05-25 01:00:00,2.11,idle,0.0,0.0,0.0,0.0,17874.298188784043
2025-05-25 02:00:00,1.34,idle,0.0,0.0,0.0,0.0,17874.298188784043
2025-05-25 03:00:00,1.31,idle,0.0,0.0,0.0,0.0,17874.298188784043
2025-05-25 04:00:00,0.63,idle,0.0,0.0,0.0,0.0,17874.298188784043
2025-05-25 05:00:00,0.1,idle,0.0,0.0,0.0,0.0,17874.298188784043
2025-05-25 06:00:00,0.05,idle,0.0,0.0,0.0,0.0,17874.298188784043
2025-05-25 07:00:00,-0.46,idle,0.0,0.0,0.0,0.0,17874.298188784043
2025-05-25 08:00:00,-0.19,idle,0.0,0.0,0.0,0.0,17874.298188784043
2025-05-25 09:00:00,-1.14,idle,0.0,0.0,0.0,0.0,17874.298188784043
2025-05-25 10:00:00,-1.86,charge,5.0,0.0,4.743416490252569,9.3,17883.598188784043
2025-05-25 11:00:00,-2.58,charge,5.0,0.0,9.486832980505138,12.9,17896.498188784044
2025-05-25 12:00:00,-0.63,idle,0.0,0.0,9.486832980505138,0.0,17896.498188784044
2025-05-25 13:00:00,2.85,idle,0.0,0.0,9.486832980505138,0.0,17896.498188784044
2025-05-25 14:00:00,8.63,idle,0.0,0.0,9.486832980505138,0.0,17896.498188784044
2025-05-25 15:00:00,57.6,idle,0.0,0.0,9.486832980505138,0.0,17896.498188784044
2025-05-25 16:00:00,65.18,idle,0.0,0.0,9.486832980505138,0.0,17896.498188784044
2025-05-25 17:00:00,66.95,discharge,0.0,5.0,4.216370213557839,334.75,18231.248188784044
2025-05-25 18:00:00,68.09,discharge,0.0,4.0,0.0,272.36,18503.608188784045
2025-05-25 19:00:00,50.63,idle,0.0,0.0,0.0,0.0,18503.608188784045
2025-05-25 20:00:00,32.09,idle,0.0,0.0,0.0,0.0,18503.608188784045
2025-05-25 21:00:00,30.21,idle,0.0,0.0,0.0,0.0,18503.608188784045
2025-05-25 22:00:00,31.81,idle,0.0,0.0,0.0,0.0,18503.608188784045
2025-05-25 23:00:00,29.84,idle,0.0,0.0,0.0,0.0,18503.608188784045
2025-05-26 00:00:00,46.83,idle,0.0,0.0,0.0,0.0,18503.608188784045
2025-05-26 01:00:00,74.14,idle,0.0,0.0,0.0,0.0,18503.608188784045
2025-05-26 02:00:00,113.42,idle,0.0,0.0,0.0,0.0,18503.608188784045
2025-05-26 03:00:00,139.7,idle,0.0,0.0,0.0,0.0,18503.608188784045
2025-05-26 04:00:00,126.78,idle,0.0,0.0,0.0,0.0,18503.608188784045
2025-05-26 05:00:00,83.49,idle,0.0,0.0,0.0,0.0,18503.608188784045
2025-05-26 06:00:00,15.61,idle,0.0,0.0,0.0,0.0,18503.608188784045
2025-05-26 07:00:00,0.04,idle,0.0,0.0,0.0,0.0,18503.608188784045
2025-05-26 08:00:00,-0.28,idle,0.0,0.0,0.0,0.0,18503.608188784045
2025-05-26 09:00:00,-1.24,charge,5.0,0.0,4.743416490252569,6.2,18509.808188784045
2025-05-26 10:00:00,-0.71,idle,0.0,0.0,4.743416490252569,0.0,18509.808188784045
2025-05-26 11:00:00,-0.73,charge,5.0,0.0,9.486832980505138,3.65,18513.458188784047
2025-05-26 12:00:00,-0.01,idle,0.0,0.0,9.486832980505138,0.0,18513.458188784047
2025-05-26 13:00:00,33.5,idle,0.0,0.0,9.486832980505138,0.0,18513.458188784047
2025-05-26 14:00:00,77.68,idle,0.0,0.0,9.486832980505138,0.0,18513.458188784047
2025-05-26 15:00:00,116.46,idle,0.0,0.0,9.486832980505138,0.0,18513.458188784047
2025-05-26 16:00:00,165.77,discharge,0.0,5.0,4.216370213557839,828.85,19342.308188784045
2025-05-26 17:00:00,157.68,discharge,0.0,4.0,0.0,630.72,19973.028188784047
2025-05-26 18:00:00,116.5,idle,0.0,0.0,0.0,0.0,19973.028188784047
2025-05-26 19:00:00,96.49,idle,0.0,0.0,0.0,0.0,19973.028188784047
2025-05-26 20:00:00,73.25,idle,0.0,0.0,0.0,0.0,19973.028188784047
2025-05-26 21:00:00,60.83,idle,0.0,0.0,0.0,0.0,19973.028188784047
2025-05-26 22:00:00,39.05,idle,0.0,0.0,0.0,0.0,19973.028188784047
2025-05-26 23:00:00,30.39,idle,0.0,0.0,0.0,0.0,19973.028188784047
2025-05-27 00:00:00,21.8,idle,0.0,0.0,0.0,0.0,19973.028188784047
2025-05-27 01:00:00,25.19,idle,0.0,0.0,0.0,0.0,19973.028188784047
2025-05-27 02:00:00,51.03,idle,0.0,0.0,0.0,0.0,19973.028188784047
2025-05-27 03:00:00,60.09,idle,0.0,0.0,0.0,0.0,19973.028188784047
2025-05-27 04:00:00,50.09,idle,0.0,0.0,0.0,0.0,19973.028188784047
2025-05-27 05:00:00,30.46,idle,0.0,0.0,0.0,0.0,19973.028188784047
2025-05-27 06:00:00,3.77,idle,0.0,0.0,0.0,0.0,19973.028188784047
2025-05-27 07:00:00,2.86,idle,0.0,0.0,0.0,0.0,19973.028188784047
2025-05-27 08:00:00,0.03,charge,5.0,0.0,4.743416490252569,-0.15,19972.878188784045
2025-05-27 09:00:00,0.01,charge,5.0,0.0,9.486832980505138,-0.05,19972.828188784046
2025-05-27 10:00:00,0.05,idle,0.0,0.0,9.486832980505138,0.0,19972.828188784046
2025-05-27 11:00:00,3.01,idle,0.0,0.0,9.486832980505138,0.0,19972.828188784046
2025-05-27 12:00:00,34.18,idle,0.0,0.0,9.486832980505138,0.0,19972.828188784046
2025-05-27 13:00:00,45.24,idle,0.0,0.0,9.486832980505138,0.0,19972.828188784046
2025-05-27 14:00:00,81.02,idle,0.0,0.0,9.486832980505138,0.0,19972.828188784046
2025-05-27 15:00:00,109.11,discharge,0.0,5.0,4.216370213557839,545.55,20518.378188784045
2025-05-27 16:00:00,133.02,discharge,0.0,4.0,0.0,532.08,21050.458188784047
2025-05-27 17:00:00,104.33,idle,0.0,0.0,0.0,0.0,21050.458188784047
2025-05-27 18:00:00,83.59,idle,0.0,0.0,0.0,0.0,21050.458188784047
2025-05-27 19:00:00,77.99,idle,0.0,0.0,0.0,0.0,21050.458188784047
2025-05-27 20:00:00,73.17,idle,0.0,0.0,0.0,0.0,21050.458188784047
2025-05-27 21:00:00,66.14,idle,0.0,0.0,0.0,0.0,21050.458188784047
2025-05-27 22:00:00,64.58,idle,0.0,0.0,0.0,0.0,21050.458188784047
2025-05-27 23:00:00,58.55,idle,0.0,0.0,0.0,0.0,21050.458188784047
2025-05-28 00:00:00,62.3,idle,0.0,0.0,0.0,0.0,21050.458188784047
2025-05-28 01:00:00,69.23,idle,0.0,0.0,0.0,0.0,21050.458188784047
2025-05-28 02:00:00,86.11,idle,0.0,0.0,0.0,0.0,21050.458188784047
2025-05-28 03:00:00,96.97,idle,0.0,0.0,0.0,0.0,21050.458188784047
2025-05-28 04:00:00,91.99,idle,0.0,0.0,0.0,0.0,21050.458188784047
2025-05-28 05:00:00,87.4,idle,0.0,0.0,0.0,0.0,21050.458188784047
2025-05-28 06:00:00,76.77,idle,0.0,0.0,0.0,0.0,21050.458188784047
2025-05-28 07:00:00,71.65,idle,0.0,0.0,0.0,0.0,21050.458188784047
2025-05-28 08:00:00,66.03,idle,0.0,0.0,0.0,0.0,21050.458188784047
2025-05-28 09:00:00,57.7,idle,0.0,0.0,0.0,0.0,21050.458188784047
2025-05-28 10:00:00,52.87,charge,5.0,0.0,4.743416490252569,-264.34999999999997,20786.10818878405
2025-05-28 11:00:00,41.18,charge,5.0,0.0,9.486832980505138,-205.9,20580.208188784047
2025-05-28 12:00:00,66.28,idle,0.0,0.0,9.486832980505138,0.0,20580.208188784047
2025-05-28 13:00:00,88.73,idle,0.0,0.0,9.486832980505138,0.0,20580.208188784047
2025-05-28 14:00:00,103.99,idle,0.0,0.0,9.486832980505138,0.0,20580.208188784047
2025-05-28 15:00:00,123.29,discharge,0.0,5.0,4.216370213557839,616.45,21196.658188784048
2025-05-28 16:00:00,148.74,discharge,0.0,4.0,0.0,594.96,21791.618188784047
2025-05-28 17:00:00,118.36,idle,0.0,0.0,0.0,0.0,21791.618188784047
2025-05-28 18:00:00,106.9,idle,0.0,0.0,0.0,0.0,21791.618188784047
2025-05-28 19:00:00,93.06,idle,0.0,0.0,0.0,0.0,21791.618188784047
2025-05-28 20:00:00,87.67,idle,0.0,0.0,0.0,0.0,21791.618188784047
2025-05-28 21:00:00,84.65,idle,0.0,0.0,0.0,0.0,21791.618188784047
2025-05-28 22:00:00,82.78,idle,0.0,0.0,0.0,0.0,21791.618188784047
2025-05-28 23:00:00,81.83,idle,0.0,0.0,0.0,0.0,21791.618188784047
2025-05-29 00:00:00,79.35,idle,0.0,0.0,0.0,0.0,21791.618188784047
2025-05-29 01:00:00,85.05,discharge,0.0,0.0,0.0,0.0,21791.618188784047
2025-05-29 02:00:00,81.49,idle,0.0,0.0,0.0,0.0,21791.618188784047
2025-05-29 03:00:00,74.43,idle,0.0,0.0,0.0,0.0,21791.618188784047
2025-05-29 04:00:00,74.71,idle,0.0,0.0,0.0,0.0,21791.618188784047
2025-05-29 05:00:00,55.11,idle,0.0,0.0,0.0,0.0,21791.618188784047
2025-05-29 06:00:00,25.82,idle,0.0,0.0,0.0,0.0,21791.618188784047
2025-05-29 07:00:00,1.92,charge,5.0,0.0,4.743416490252569,-9.6,21782.018188784048
2025-05-29 08:00:00,1.49,charge,5.0,0.0,9.486832980505138,-7.45,21774.568188784047
2025-05-29 09:00:00,2.28,idle,0.0,0.0,9.486832980505138,0.0,21774.568188784047
2025-05-29 10:00:00,2.01,idle,0.0,0.0,9.486832980505138,0.0,21774.568188784047
2025-05-29 11:00:00,2.45,idle,0.0,0.0,9.486832980505138,0.0,21774.568188784047
2025-05-29 12:00:00,5.53,idle,0.0,0.0,9.486832980505138,0.0,21774.568188784047
2025-05-29 13:00:00,23.66,idle,0.0,0.0,9.486832980505138,0.0,21774.568188784047
2025-05-29 14:00:00,66.06,idle,0.0,0.0,9.486832980505138,0.0,21774.568188784047
2025-05-29 15:00:00,86.52,discharge,0.0,5.0,4.216370213557839,432.59999999999997,22207.168188784046
2025-05-29 16:00:00,85.04,idle,0.0,0.0,4.216370213557839,0.0,22207.168188784046
2025-05-29 17:00:00,73.58,idle,0.0,0.0,4.216370213557839,0.0,22207.168188784046
2025-05-29 18:00:00,76.02,idle,0.0,0.0,4.216370213557839,0.0,22207.168188784046
2025-05-29 19:00:00,55.19,idle,0.0,0.0,4.216370213557839,0.0,22207.168188784046
2025-05-29 20:00:00,35.07,idle,0.0,0.0,4.216370213557839,0.0,22207.168188784046
2025-05-29 21:00:00,19.87,idle,0.0,0.0,4.216370213557839,0.0,22207.168188784046
2025-05-29 22:00:00,21.94,idle,0.0,0.0,4.216370213557839,0.0,22207.168188784046
2025-05-29 23:00:00,20.46,idle,0.0,0.0,4.216370213557839,0.0,22207.168188784046
2025-05-30 00:00:00,13.33,idle,0.0,0.0,4.216370213557839,0.0,22207.168188784046
2025-05-30 01:00:00,19.99,idle,0.0,0.0,4.216370213557839,0.0,22207.168188784046
2025-05-30 02:00:00,49.71,idle,0.0,0.0,4.216370213557839,0.0,22207.168188784046
2025-05-30 03:00:00,54.64,discharge,0.0,4.0,0.0,218.56,22425.728188784047
2025-05-30 04:00:00,50.85,idle,0.0,0.0,0.0,0.0,22425.728188784047
2025-05-30 05:00:00,26.23,idle,0.0,0.0,0.0,0.0,22425.728188784047
2025-05-30 06:00:00,4.17,idle,0.0,0.0,0.0,0.0,22425.728188784047
2025-05-30 07:00:00,0.97,idle,0.0,0.0,0.0,0.0,22425.728188784047
2025-05-30 08:00:00,0.45,idle,0.0,0.0,0.0,0.0,22425.728188784047
2025-05-30 09:00:00,-0.16,idle,0.0,0.0,0.0,0.0,22425.728188784047
2025-05-30 10:00:00,-1.65,charge,5.0,0.0,4.743416490252569,8.25,22433.978188784047
2025-05-30 11:00:00,-0.45,charge,5.0,0.0,9.486832980505138,2.25,22436.228188784047
2025-05-30 12:00:00,1.95,idle,0.0,0.0,9.486832980505138,0.0,22436.228188784047
2025-05-30 13:00:00,15.06,idle,0.0,0.0,9.486832980505138,0.0,22436.228188784047
2025-05-30 14:00:00,22.94,idle,0.0,0.0,9.486832980505138,0.0,22436.228188784047
2025-05-30 15:00:00,33.49,idle,0.0,0.0,9.486832980505138,0.0,22436.228188784047
2025-05-30 16:00:00,65.91,discharge,0.0,5.0,4.216370213557839,329.54999999999995,22765.778188784047
2025-05-30 17:00:00,49.29,idle,0.0,0.0,4.216370213557839,0.0,22765.778188784047
2025-05-30 18:00:00,38.48,idle,0.0,0.0,4.216370213557839,0.0,22765.778188784047
2025-05-30 19:00:00,10.9,idle,0.0,0.0,4.216370213557839,0.0,22765.778188784047
2025-05-30 20:00:00,17.53,idle,0.0,0.0,4.216370213557839,0.0,22765.778188784047
2025-05-30 21:00:00,11.62,idle,0.0,0.0,4.216370213557839,0.0,22765.778188784047
2025-05-30 22:00:00,11.47,idle,0.0,0.0,4.216370213557839,0.0,22765.778188784047
2025-05-30 23:00:00,12.62,idle,0.0,0.0,4.216370213557839,0.0,22765.778188784047
2025-05-31 00:00:00,15.23,idle,0.0,0.0,4.216370213557839,0.0,22765.778188784047
2025-05-31 01:00:00,17.84,idle,0.0,0.0,4.216370213557839,0.0,22765.778188784047
2025-05-31 02:00:00,55.26,idle,0.0,0.0,4.216370213557839,0.0,22765.778188784047
2025-05-31 03:00:00,52.31,idle,0.0,0.0,4.216370213557839,0.0,22765.778188784047
2025-05-31 04:00:00,47.4,idle,0.0,0.0,4.216370213557839,0.0,22765.778188784047
2025-05-31 05:00:00,6.39,idle,0.0,0.0,4.216370213557839,0.0,22765.778188784047
2025-05-31 06:00:00,0.03,idle,0.0,0.0,4.216370213557839,0.0,22765.778188784047
2025-05-31 07:00:00,-1.03,idle,0.0,0.0,4.216370213557839,0.0,22765.778188784047
2025-05-31 08:00:00,-3.01,idle,0.0,0.0,4.216370213557839,0.0,22765.778188784047
2025-05-31 09:00:00,-12.92,charge,5.0,0.0,8.959786703810408,64.6,22830.378188784045
2025-05-31 10:00:00,-7.27,charge,1.096481089450153,0.0,10.0,7.971417520302612,22838.34960630435
2025-05-31 11:00:00,-3.07,idle,0.0,0.0,10.0,0.0,22838.34960630435
2025-05-31 12:00:00,-0.05,idle,0.0,0.0,10.0,0.0,22838.34960630435
2025-05-31 13:00:00,41.02,idle,0.0,0.0,10.0,0.0,22838.34960630435
2025-05-31 14:00:00,70.7,idle,0.0,0.0,10.0,0.0,22838.34960630435
2025-05-31 15:00:00,72.72,idle,0.0,0.0,10.0,0.0,22838.34960630435
2025-05-31 16:00:00,168.76,discharge,0.0,5.0,4.729537233052701,843.8,23682.14960630435
2025-05-31 17:00:00,187.74,discharge,0.0,4.486832980505138,0.0,842.3580237600347,24524.507630064385
2025-05-31 18:00:00,130.29,idle,0.0,0.0,0.0,0.0,24524.507630064385
2025-05-31 19:00:00,99.61,idle,0.0,0.0,0.0,0.0,24524.507630064385
